CNTD(INFO_DM_CASE_ID)-alias,COUNTY-value,COUNTY-alias,calc-Use new city-value,calc-Use new city-alias
1,%null%,TBD,WORONOCO,WORONOCO
1,%null%,TBD,TISBURY,TISBURY
1,%null%,TBD,SPRING VALLEY,SPRING VALLEY
1,%null%,TBD,SOUTH ATTLEBORO,SOUTH ATTLEBORO
1,%null%,TBD,MOUNT WASHINGTON,MOUNT WASHINGTON
1,%null%,TBD,EASTON,EASTON
2,%null%,TBD,BOURNE,BOURNE
32,%null%,TBD,%null%,TBD
1,BARNSTABLE,BAR,YARMOUTH PORT,YARMOUTH PORT
14,BARNSTABLE,BAR,WEST YARMOUTH,WEST YARMOUTH
1,BARNSTABLE,BAR,WEST CHATHAM,WEST CHATHAM
1,BARNSTABLE,BAR,WEST BARNSTABLE,WEST BARNSTABLE
1,BARNSTABLE,BAR,WELLFLEET,WELLFLEET
2,BARNSTABLE,BAR,TRURO,TRURO
22,BARNSTABLE,BAR,SOUTH YARMOUTH,SOUTH YARMOUTH
5,BARNSTABLE,BAR,SOUTH DENNIS,SOUTH DENNIS
1,BARNSTABLE,BAR,SOUTH CHATHAM,SOUTH CHATHAM
1,BARNSTABLE,BAR,SANDWICH,SANDWICH
1,BARNSTABLE,BAR,SAGAMORE,SAGAMORE
3,BARNSTABLE,BAR,PROVINCETOWN,PROVINCETOWN
7,BARNSTABLE,BAR,POCASSET,POCASSET
1,BARNSTABLE,BAR,OSTERVILLE,OSTERVILLE
3,BARNSTABLE,BAR,NORTH TRURO,NORTH TRURO
1,BARNSTABLE,BAR,NORTH FALMOUTH,NORTH FALMOUTH
5,BARNSTABLE,BAR,MASHPEE,MASHPEE
32,BARNSTABLE,BAR,HYANNIS,HYANNIS
2,BARNSTABLE,BAR,HARWICH,HARWICH
3,BARNSTABLE,BAR,FALMOUTH,FALMOUTH
4,BARNSTABLE,BAR,EASTHAM,EASTHAM
2,BARNSTABLE,BAR,EAST SANDWICH,EAST SANDWICH
8,BARNSTABLE,BAR,EAST FALMOUTH,EAST FALMOUTH
7,BARNSTABLE,BAR,DENNIS PORT,DENNIS PORT
1,BARNSTABLE,BAR,DENNIS,DENNIS
1,BARNSTABLE,BAR,COTUIT,COTUIT
1,BARNSTABLE,BAR,CHATHAM,CHATHAM
4,BARNSTABLE,BAR,BUZZARDS BAY,BUZZARDS BAY
5,BARNSTABLE,BAR,BREWSTER,BREWSTER
2,BERKSHIRE,BER,WILLIAMSTOWN,WILLIAMSTOWN
3,BERKSHIRE,BER,STOCKBRIDGE,STOCKBRIDGE
1,BERKSHIRE,BER,SOUTHFIELD,SOUTHFIELD
159,BERKSHIRE,BER,PITTSFIELD,PITTSFIELD
30,BERKSHIRE,BER,NORTH ADAMS,NORTH ADAMS
1,BERKSHIRE,BER,LENOX,LENOX
6,BERKSHIRE,BER,LEE,LEE
9,BERKSHIRE,BER,GREAT BARRINGTON,GREAT BARRINGTON
2,BERKSHIRE,BER,DALTON,DALTON
3,BERKSHIRE,BER,CHESHIRE,CHESHIRE
16,BERKSHIRE,BER,ADAMS,ADAMS
4,BRISTOL,BRI,WESTPORT,WESTPORT
81,BRISTOL,BRI,TAUNTON,TAUNTON
2,BRISTOL,BRI,SWANSEA,SWANSEA
26,BRISTOL,BRI,SOUTH EASTON,SOUTH EASTON
4,BRISTOL,BRI,SOUTH DARTMOUTH,SOUTH DARTMOUTH
4,BRISTOL,BRI,SOMERSET,SOMERSET
7,BRISTOL,BRI,SEEKONK,SEEKONK
2,BRISTOL,BRI,REHOBOTH,REHOBOTH
12,BRISTOL,BRI,RAYNHAM,RAYNHAM
18,BRISTOL,BRI,NORTON,NORTON
3,BRISTOL,BRI,NORTH EASTON,NORTH EASTON
1,BRISTOL,BRI,NORTH DIGHTON,NORTH DIGHTON
10,BRISTOL,BRI,NORTH DARTMOUTH,NORTH DARTMOUTH
43,BRISTOL,BRI,NORTH ATTLEBORO,NORTH ATTLEBORO
369,BRISTOL,BRI,NEW BEDFORD,NEW BEDFORD
27,BRISTOL,BRI,MANSFIELD,MANSFIELD
427,BRISTOL,BRI,FALL RIVER,FALL RIVER
8,BRISTOL,BRI,FAIRHAVEN,FAIRHAVEN
3,BRISTOL,BRI,EAST TAUNTON,EAST TAUNTON
1,BRISTOL,BRI,BERKLEY,BERKLEY
78,BRISTOL,BRI,ATTLEBORO,ATTLEBORO
3,BRISTOL,BRI,ACUSHNET,ACUSHNET
2,DUKES,DUK,VINEYARD HAVEN,VINEYARD HAVEN
1,DUKES,DUK,OAK BLUFFS,OAK BLUFFS
1,DUKES,DUK,EDGARTOWN,EDGARTOWN
12,ESSEX,ESS,SWAMPSCOTT,SWAMPSCOTT
1,ESSEX,ESS,SOUTH HAMILTON,SOUTH HAMILTON
59,ESSEX,ESS,SAUGUS,SAUGUS
10,ESSEX,ESS,SALISBURY,SALISBURY
71,ESSEX,ESS,SALEM,SALEM
1,ESSEX,ESS,ROWLEY,ROWLEY
1,ESSEX,ESS,ROCKPORT,ROCKPORT
104,ESSEX,ESS,PEABODY,PEABODY
38,ESSEX,ESS,NORTH ANDOVER,NORTH ANDOVER
5,ESSEX,ESS,NEWBURYPORT,NEWBURYPORT
1,ESSEX,ESS,NEWBURY,NEWBURY
1,ESSEX,ESS,NAHANT,NAHANT
2,ESSEX,ESS,MIDDLETON,MIDDLETON
68,ESSEX,ESS,METHUEN,METHUEN
5,ESSEX,ESS,MARBLEHEAD,MARBLEHEAD
1,ESSEX,ESS,MANCHESTER,MANCHESTER
4,ESSEX,ESS,LYNNFIELD,LYNNFIELD
306,ESSEX,ESS,LYNN,LYNN
221,ESSEX,ESS,LAWRENCE,LAWRENCE
2,ESSEX,ESS,IPSWICH,IPSWICH
168,ESSEX,ESS,HAVERHILL,HAVERHILL
6,ESSEX,ESS,GROVELAND,GROVELAND
17,ESSEX,ESS,GLOUCESTER,GLOUCESTER
2,ESSEX,ESS,GEORGETOWN,GEORGETOWN
43,ESSEX,ESS,DANVERS,DANVERS
3,ESSEX,ESS,BRADFORD,BRADFORD
57,ESSEX,ESS,BEVERLY,BEVERLY
46,ESSEX,ESS,ANDOVER,ANDOVER
31,ESSEX,ESS,AMESBURY,AMESBURY
1,FRANKLIN,FRA,WARWICK,WARWICK
17,FRANKLIN,FRA,TURNERS FALLS,TURNERS FALLS
12,FRANKLIN,FRA,SUNDERLAND,SUNDERLAND
1,FRANKLIN,FRA,SOUTH DEERFIELD,SOUTH DEERFIELD
1,FRANKLIN,FRA,SHELBURNE FALLS,SHELBURNE FALLS
10,FRANKLIN,FRA,ORANGE,ORANGE
36,FRANKLIN,FRA,GREENFIELD,GREENFIELD
1,FRANKLIN,FRA,BUCKLAND,BUCKLAND
1,FRANKLIN,FRA,BERNARDSTON,BERNARDSTON
3,FRANKLIN,FRA,ASHFIELD,ASHFIELD
2,HAMPDEN,HPD,WILBRAHAM,WILBRAHAM
22,HAMPDEN,HPD,WESTFIELD,WESTFIELD
31,HAMPDEN,HPD,WEST SPRINGFIELD,WEST SPRINGFIELD
2,HAMPDEN,HPD,WALES,WALES
11,HAMPDEN,HPD,THREE RIVERS,THREE RIVERS
579,HAMPDEN,HPD,SPRINGFIELD,SPRINGFIELD
5,HAMPDEN,HPD,SOUTHWICK,SOUTHWICK
2,HAMPDEN,HPD,RUSSELL,RUSSELL
9,HAMPDEN,HPD,PALMER,PALMER
2,HAMPDEN,HPD,MONSON,MONSON
10,HAMPDEN,HPD,LUDLOW,LUDLOW
2,HAMPDEN,HPD,LONGMEADOW,LONGMEADOW
20,HAMPDEN,HPD,INDIAN ORCHARD,INDIAN ORCHARD
154,HAMPDEN,HPD,HOLYOKE,HOLYOKE
15,HAMPDEN,HPD,FEEDING HILLS,FEEDING HILLS
2,HAMPDEN,HPD,EAST LONGMEADOW,EAST LONGMEADOW
107,HAMPDEN,HPD,CHICOPEE,CHICOPEE
4,HAMPDEN,HPD,BONDSVILLE,BONDSVILLE
15,HAMPDEN,HPD,AGAWAM,AGAWAM
1,HAMPSHIRE,HPS,WEST HATFIELD,WEST HATFIELD
10,HAMPSHIRE,HPS,WARE,WARE
3,HAMPSHIRE,HPS,SOUTHAMPTON,SOUTHAMPTON
14,HAMPSHIRE,HPS,SOUTH HADLEY,SOUTH HADLEY
19,HAMPSHIRE,HPS,NORTHAMPTON,NORTHAMPTON
1,HAMPSHIRE,HPS,LEEDS,LEEDS
2,HAMPSHIRE,HPS,HADLEY,HADLEY
1,HAMPSHIRE,HPS,GRANBY,GRANBY
22,HAMPSHIRE,HPS,FLORENCE,FLORENCE
5,HAMPSHIRE,HPS,EASTHAMPTON,EASTHAMPTON
17,HAMPSHIRE,HPS,BELCHERTOWN,BELCHERTOWN
16,HAMPSHIRE,HPS,AMHERST,AMHERST
95,MIDDLESEX,MID,WOBURN,WOBURN
1,MIDDLESEX,MID,WINCHESTER,WINCHESTER
8,MIDDLESEX,MID,WILMINGTON,WILMINGTON
1,MIDDLESEX,MID,WESTON,WESTON
8,MIDDLESEX,MID,WESTFORD,WESTFORD
3,MIDDLESEX,MID,WEST NEWTON,WEST NEWTON
1,MIDDLESEX,MID,WAYLAND,WAYLAND
33,MIDDLESEX,MID,WATERTOWN,WATERTOWN
118,MIDDLESEX,MID,WALTHAM,WALTHAM
21,MIDDLESEX,MID,WAKEFIELD,WAKEFIELD
6,MIDDLESEX,MID,TYNGSBORO,TYNGSBORO
4,MIDDLESEX,MID,TOWNSEND,TOWNSEND
48,MIDDLESEX,MID,TEWKSBURY,TEWKSBURY
2,MIDDLESEX,MID,SUDBURY,SUDBURY
1,MIDDLESEX,MID,STOW,STOW
20,MIDDLESEX,MID,STONEHAM,STONEHAM
63,MIDDLESEX,MID,SOMERVILLE,SOMERVILLE
2,MIDDLESEX,MID,SHIRLEY,SHIRLEY
6,MIDDLESEX,MID,READING,READING
3,MIDDLESEX,MID,PEPPERELL,PEPPERELL
9,MIDDLESEX,MID,NORTH READING,NORTH READING
2,MIDDLESEX,MID,NORTH CHELMSFORD,NORTH CHELMSFORD
11,MIDDLESEX,MID,NORTH BILLERICA,NORTH BILLERICA
5,MIDDLESEX,MID,NEWTONVILLE,NEWTONVILLE
2,MIDDLESEX,MID,NEWTON UPPER FALLS,NEWTON UPPER FALLS
1,MIDDLESEX,MID,NEWTON LOWER FALLS,NEWTON LOWER FALLS
4,MIDDLESEX,MID,NEWTON HIGHLANDS,NEWTON HIGHLANDS
3,MIDDLESEX,MID,NEWTON,NEWTON
24,MIDDLESEX,MID,NATICK,NATICK
20,MIDDLESEX,MID,MELROSE,MELROSE
56,MIDDLESEX,MID,MEDFORD,MEDFORD
9,MIDDLESEX,MID,MAYNARD,MAYNARD
118,MIDDLESEX,MID,MARLBOROUGH,MARLBOROUGH
183,MIDDLESEX,MID,MALDEN,MALDEN
364,MIDDLESEX,MID,LOWELL,LOWELL
5,MIDDLESEX,MID,LITTLETON,LITTLETON
3,MIDDLESEX,MID,LINCOLN,LINCOLN
14,MIDDLESEX,MID,LEXINGTON,LEXINGTON
8,MIDDLESEX,MID,HUDSON,HUDSON
5,MIDDLESEX,MID,HOPKINTON,HOPKINTON
2,MIDDLESEX,MID,HOLLISTON,HOLLISTON
3,MIDDLESEX,MID,GROTON,GROTON
233,MIDDLESEX,MID,FRAMINGHAM,FRAMINGHAM
100,MIDDLESEX,MID,EVERETT,EVERETT
21,MIDDLESEX,MID,DRACUT,DRACUT
5,MIDDLESEX,MID,CONCORD,CONCORD
14,MIDDLESEX,MID,CHESTNUT HILL,CHESTNUT HILL
10,MIDDLESEX,MID,CHELMSFORD,CHELMSFORD
124,MIDDLESEX,MID,CAMBRIDGE,CAMBRIDGE
29,MIDDLESEX,MID,BURLINGTON,BURLINGTON
1,MIDDLESEX,MID,BOXBOROUGH,BOXBOROUGH
40,MIDDLESEX,MID,BILLERICA,BILLERICA
12,MIDDLESEX,MID,BELMONT,BELMONT
7,MIDDLESEX,MID,BEDFORD,BEDFORD
13,MIDDLESEX,MID,AYER,AYER
3,MIDDLESEX,MID,AUBURNDALE,AUBURNDALE
14,MIDDLESEX,MID,ASHLAND,ASHLAND
7,MIDDLESEX,MID,ARLINGTON,ARLINGTON
9,MIDDLESEX,MID,ACTON,ACTON
9,NANTUCKET,NAN,NANTUCKET,NANTUCKET
18,NORFOLK,NOR,WRENTHAM,WRENTHAM
82,NORFOLK,NOR,WEYMOUTH,WEYMOUTH
8,NORFOLK,NOR,WESTWOOD,WESTWOOD
3,NORFOLK,NOR,WELLESLEY HILLS,WELLESLEY HILLS
4,NORFOLK,NOR,WELLESLEY,WELLESLEY
17,NORFOLK,NOR,WALPOLE,WALPOLE
84,NORFOLK,NOR,STOUGHTON,STOUGHTON
23,NORFOLK,NOR,SOUTH WEYMOUTH,SOUTH WEYMOUTH
19,NORFOLK,NOR,SHARON,SHARON
104,NORFOLK,NOR,RANDOLPH,RANDOLPH
328,NORFOLK,NOR,QUINCY,QUINCY
9,NORFOLK,NOR,PLAINVILLE,PLAINVILLE
100,NORFOLK,NOR,NORWOOD,NORWOOD
4,NORFOLK,NOR,NORTH WEYMOUTH,NORTH WEYMOUTH
1,NORFOLK,NOR,NORFOLK,NORFOLK
4,NORFOLK,NOR,NEEDHAM HEIGHTS,NEEDHAM HEIGHTS
6,NORFOLK,NOR,NEEDHAM,NEEDHAM
5,NORFOLK,NOR,MILTON,MILTON
5,NORFOLK,NOR,MILLIS,MILLIS
5,NORFOLK,NOR,MEDWAY,MEDWAY
5,NORFOLK,NOR,MEDFIELD,MEDFIELD
8,NORFOLK,NOR,HOLBROOK,HOLBROOK
25,NORFOLK,NOR,FRANKLIN,FRANKLIN
1,NORFOLK,NOR,FOXBOROUGH,FOXBOROUGH
25,NORFOLK,NOR,FOXBORO,FOXBORO
44,NORFOLK,NOR,EAST WEYMOUTH,EAST WEYMOUTH
4,NORFOLK,NOR,EAST WALPOLE,EAST WALPOLE
25,NORFOLK,NOR,DEDHAM,DEDHAM
4,NORFOLK,NOR,COHASSET,COHASSET
29,NORFOLK,NOR,CANTON,CANTON
25,NORFOLK,NOR,BROOKLINE,BROOKLINE
78,NORFOLK,NOR,BRAINTREE,BRAINTREE
17,NORFOLK,NOR,BELLINGHAM,BELLINGHAM
1,NORFOLK,NOR,AVON,AVON
13,PLYMOUTH,PLY,WHITMAN,WHITMAN
4,PLYMOUTH,PLY,WEST WAREHAM,WEST WAREHAM
1,PLYMOUTH,PLY,WEST BRIDGEWATER,WEST BRIDGEWATER
16,PLYMOUTH,PLY,WAREHAM,WAREHAM
5,PLYMOUTH,PLY,SCITUATE,SCITUATE
33,PLYMOUTH,PLY,ROCKLAND,ROCKLAND
2,PLYMOUTH,PLY,ROCHESTER,ROCHESTER
38,PLYMOUTH,PLY,PLYMOUTH,PLYMOUTH
12,PLYMOUTH,PLY,PEMBROKE,PEMBROKE
8,PLYMOUTH,PLY,ONSET,ONSET
2,PLYMOUTH,PLY,NORWELL,NORWELL
27,PLYMOUTH,PLY,MIDDLEBORO,MIDDLEBORO
3,PLYMOUTH,PLY,MATTAPOISETT,MATTAPOISETT
28,PLYMOUTH,PLY,MARSHFIELD,MARSHFIELD
5,PLYMOUTH,PLY,MARION,MARION
10,PLYMOUTH,PLY,LAKEVILLE,LAKEVILLE
6,PLYMOUTH,PLY,KINGSTON,KINGSTON
22,PLYMOUTH,PLY,HULL,HULL
26,PLYMOUTH,PLY,HINGHAM,HINGHAM
4,PLYMOUTH,PLY,HANSON,HANSON
10,PLYMOUTH,PLY,HANOVER,HANOVER
7,PLYMOUTH,PLY,HALIFAX,HALIFAX
21,PLYMOUTH,PLY,EAST WAREHAM,EAST WAREHAM
1,PLYMOUTH,PLY,EAST BRIDGEWATER,EAST BRIDGEWATER
2,PLYMOUTH,PLY,DUXBURY,DUXBURY
12,PLYMOUTH,PLY,CARVER,CARVER
224,PLYMOUTH,PLY,BROCKTON,BROCKTON
55,PLYMOUTH,PLY,BRIDGEWATER,BRIDGEWATER
23,PLYMOUTH,PLY,ABINGTON,ABINGTON
12,SUFFOLK,SUF,WINTHROP,WINTHROP
27,SUFFOLK,SUF,WEST ROXBURY,WEST ROXBURY
9,SUFFOLK,SUF,SOUTH BOSTON,SOUTH BOSTON
12,SUFFOLK,SUF,ROXBURY CROSSING,ROXBURY CROSSING
97,SUFFOLK,SUF,ROXBURY,ROXBURY
25,SUFFOLK,SUF,ROSLINDALE,ROSLINDALE
158,SUFFOLK,SUF,REVERE,REVERE
98,SUFFOLK,SUF,MATTAPAN,MATTAPAN
70,SUFFOLK,SUF,JAMAICA PLAIN,JAMAICA PLAIN
66,SUFFOLK,SUF,HYDE PARK,HYDE PARK
84,SUFFOLK,SUF,EAST BOSTON,EAST BOSTON
10,SUFFOLK,SUF,E. BOSTON,E. BOSTON
105,SUFFOLK,SUF,DORCHESTER CENTER,DORCHESTER CENTER
199,SUFFOLK,SUF,DORCHESTER,DORCHESTER
95,SUFFOLK,SUF,CHELSEA,CHELSEA
21,SUFFOLK,SUF,CHARLESTOWN,CHARLESTOWN
55,SUFFOLK,SUF,BRIGHTON,BRIGHTON
247,SUFFOLK,SUF,BOSTON,BOSTON
40,SUFFOLK,SUF,ALLSTON,ALLSTON
530,WORCESTER,WOR,WORCESTER,WORCESTER
6,WORCESTER,WOR,WINCHENDON,WINCHENDON
12,WORCESTER,WOR,WHITINSVILLE,WHITINSVILLE
2,WORCESTER,WOR,WESTMINSTER,WESTMINSTER
52,WORCESTER,WOR,WESTBOROUGH,WESTBOROUGH
2,WORCESTER,WOR,WEST WARREN,WEST WARREN
1,WORCESTER,WOR,WEST BROOKFIELD,WEST BROOKFIELD
4,WORCESTER,WOR,WEST BOYLSTON,WEST BOYLSTON
33,WORCESTER,WOR,WEBSTER,WEBSTER
5,WORCESTER,WOR,WARREN,WARREN
7,WORCESTER,WOR,UXBRIDGE,UXBRIDGE
2,WORCESTER,WOR,UPTON,UPTON
1,WORCESTER,WOR,TEMPLETON,TEMPLETON
3,WORCESTER,WOR,STURBRIDGE,STURBRIDGE
1,WORCESTER,WOR,STERLING,STERLING
8,WORCESTER,WOR,SPENCER,SPENCER
50,WORCESTER,WOR,SOUTHBRIDGE,SOUTHBRIDGE
2,WORCESTER,WOR,SOUTHBOROUGH,SOUTHBOROUGH
1,WORCESTER,WOR,SOUTH LANCASTER,SOUTH LANCASTER
1,WORCESTER,WOR,SOUTH GRAFTON,SOUTH GRAFTON
1,WORCESTER,WOR,SOUTH BARRE,SOUTH BARRE
30,WORCESTER,WOR,SHREWSBURY,SHREWSBURY
1,WORCESTER,WOR,RUTLAND,RUTLAND
2,WORCESTER,WOR,PRINCETON,PRINCETON
17,WORCESTER,WOR,OXFORD,OXFORD
6,WORCESTER,WOR,NORTHBRIDGE,NORTHBRIDGE
12,WORCESTER,WOR,NORTHBOROUGH,NORTHBOROUGH
1,WORCESTER,WOR,NORTH UXBRIDGE,NORTH UXBRIDGE
2,WORCESTER,WOR,NORTH OXFORD,NORTH OXFORD
2,WORCESTER,WOR,NORTH GRAFTON,NORTH GRAFTON
3,WORCESTER,WOR,NORTH BROOKFIELD,NORTH BROOKFIELD
1,WORCESTER,WOR,MILLVILLE,MILLVILLE
5,WORCESTER,WOR,MILLBURY,MILLBURY
32,WORCESTER,WOR,MILFORD,MILFORD
1,WORCESTER,WOR,MENDON,MENDON
7,WORCESTER,WOR,LUNENBURG,LUNENBURG
50,WORCESTER,WOR,LEOMINSTER,LEOMINSTER
3,WORCESTER,WOR,LEICESTER,LEICESTER
4,WORCESTER,WOR,HOPEDALE,HOPEDALE
1,WORCESTER,WOR,HARVARD,HARVARD
1,WORCESTER,WOR,HARDWICK,HARDWICK
2,WORCESTER,WOR,GRAFTON,GRAFTON
5,WORCESTER,WOR,GILBERTVILLE,GILBERTVILLE
34,WORCESTER,WOR,GARDNER,GARDNER
116,WORCESTER,WOR,FITCHBURG,FITCHBURG
2,WORCESTER,WOR,FISKDALE,FISKDALE
1,WORCESTER,WOR,EAST TEMPLETON,EAST TEMPLETON
6,WORCESTER,WOR,DUDLEY,DUDLEY
4,WORCESTER,WOR,DOUGLAS,DOUGLAS
17,WORCESTER,WOR,CLINTON,CLINTON
1,WORCESTER,WOR,CHERRY VALLEY,CHERRY VALLEY
5,WORCESTER,WOR,CHARLTON,CHARLTON
1,WORCESTER,WOR,BOYLSTON,BOYLSTON
1,WORCESTER,WOR,BOLTON,BOLTON
2,WORCESTER,WOR,BLACKSTONE,BLACKSTONE
5,WORCESTER,WOR,BERLIN,BERLIN
1,WORCESTER,WOR,BARRE,BARRE
3,WORCESTER,WOR,BALDWINVILLE,BALDWINVILLE
5,WORCESTER,WOR,AUBURN,AUBURN
23,WORCESTER,WOR,ATHOL,ATHOL
1,WORCESTER,WOR,ASHBURNHAM,ASHBURNHAM
